minute,temperature
0,18.583055411830113
1,18.487435311431803
2,18.642208859546116
3,18.66852539810393
4,18.44786016559349
5,18.509973835924598
6,18.634110851862175
7,18.6078382076165
8,18.64055508260237
9,18.581914419579476
10,18.728256015982172
11,18.72735221538927
12,18.67710606650755
13,18.768160040918765
14,18.72099402088233
15,18.61991151761589
16,18.72266015923749
17,18.620393358716758
18,18.77075842212674
19,18.699297919795164
20,18.690741098113723
21,18.652720391741504
22,18.806088117334166
23,18.6964374477526
24,18.67447381356683
25,18.679935862232014
26,18.749485838792694
27,18.73436175204517
28,18.735803773169557
29,18.73434757597912
30,18.867752934962514
31,18.6598950819005
32,18.646870085240284
33,18.617649814432603
34,18.726400566631124
35,18.76128725790098
36,18.655186529805114
37,18.58991782657129
38,18.583505263916557
39,18.693360873691642
40,18.692151251706147
41,18.667060625304888
42,18.560837493248364
43,18.622687089009208
44,18.603064765012007
45,18.600434937686092
46,18.641473297876036
47,18.57809046117949
48,18.60260037737406
49,18.541435201867007
50,18.54657403458819
51,18.56105452034463
52,18.380795116406617
53,18.458337305924555
54,18.43257044732318
55,18.405144006776943
56,18.420080758003582
57,18.54732878809198
58,18.34393157314103
59,18.475968191761307
60,18.249047762866386
61,18.34194200798857
62,18.366713231336607
63,18.38547647943417
64,18.38030900860369
65,18.371678389029185
66,18.265101006381332
67,18.240809133164817
68,18.331264689868895
69,18.232203911938075
70,18.13040847937751
71,18.12685016689775
72,18.129122417974287
73,18.22775358006616
74,18.184834399339504
75,18.21431697343178
76,18.11073442919341
77,18.14365330636674
78,18.167311922458836
79,18.0790704201316
80,18.12719205333634
81,18.024825534318854
82,18.03618148293501
83,18.02246812033752
84,17.94547472603756
85,18.06860563898285
86,17.980990191648367
87,18.008842005579233
88,18.036024372373078
89,18.02344739512788
90,18.031569604747748
91,17.961542507004065
92,17.927123173424967
93,17.946672354433623
94,17.810636279422834
95,17.822950494573732
96,17.82653540269017
97,17.846750496843054
98,17.95324898672301
99,17.844133763667383
100,17.88220200217039
101,18.01286304577716
102,17.877488597224453
103,17.96265866333216
104,17.82724539159918
105,17.884393084135716
106,17.82434099774494
107,17.873360955825756
108,17.968479308715743
109,17.76447361430025
110,17.939453848000383
111,17.926397475824896
112,17.863164369097024
113,17.798968903709486
114,17.9250201068228
115,17.882124467930133
116,17.94896817989118
117,17.938605909495926
118,18.072133821417598
119,17.932602878559724
120,17.87825259641253
121,17.98347124292093
122,17.99633521862216
123,18.09767933634878
124,18.066556991532828
125,18.039688124195376
126,18.140170595971448
127,17.940541146125447
128,17.99755546035958
129,17.9882494886502
130,18.045365739852503
131,17.981113345255793
132,18.15726794999681
133,18.10438220463634
134,18.020682186232342
135,18.07375501668523
136,18.19719001323927
137,18.256703909252845
138,18.367358358166555
139,18.459099641043974
140,18.277901779433027
141,18.184714511913562
142,18.112794665891624
143,18.324590080988536
144,18.258268006117845
145,18.310501171203875
146,18.315465461565715
147,18.374130745577393
148,18.491870685300803
149,18.440571667394224
150,18.436929368596708
151,18.388556473755724
152,18.359378206027827
153,18.476526773146798
154,18.533320778690953
155,18.701341975411342
156,18.59268469617133
157,18.683286675507265
158,18.587156921917185
159,18.554745043002868
160,18.594756764815894
161,18.636337885852658
162,18.886966510329064
163,18.67323294606552
164,18.8281789720729
165,18.710901794093328
166,18.879557466630633
167,18.857562434389795
168,18.835788907420675
169,18.86641139766218
170,18.83842102636104
171,18.947381244869675
172,18.895928927350905
173,18.85463326381809
174,18.870504460852665
175,19.00628989648117
176,19.138221658671032
177,19.04375615967102
178,19.040162547552857
179,19.090834606769185
180,19.19036597865052
181,19.12094100131673
182,19.08759337119068
183,19.225606279515613
184,19.187584280218033
185,19.291856824169013
186,19.198887323293793
187,19.101011173384983
188,19.10375287978494
189,19.35900309163787
190,19.378021860794966
191,19.238434165782856
192,19.23426669612406
193,19.393414295942424
194,19.19895616930972
195,19.226400347779443
196,19.35933527837078
197,19.285618335700484
198,19.32551736240985
199,19.32101130193074
200,19.36866881023063
201,19.461251970268258
202,19.36230396335333
203,19.412388651219363
204,19.202088979030584
205,19.36684823298553
206,19.307345676595137
207,19.28077529582332
208,19.310925392255772
209,19.3567698258439
210,19.458523508538516
211,19.280326302611286
212,19.3895155050347
213,19.348406293273968
214,19.36045590317517
215,19.4658834522952
216,19.427177120322614
217,19.48906625498475
218,19.36715206931919
219,19.320777605969532
220,19.35499858264952
221,19.388287110232145
222,19.378531745658172
223,19.272724983439996
224,19.361350786769428
225,19.366585201649414
226,19.543534813398683
227,19.485704423516452
228,19.260343242577406
229,19.298300150554393
230,19.19656264033763
231,19.258404949427693
232,19.322627423275954
233,19.38527689555964
234,19.221641992874225
235,19.218546380405922
236,19.089772788181318
237,19.2390082920831
238,19.157301608799045
239,19.190040300567855
240,19.152194969662567
241,19.204619282323716
242,19.061247122408957
243,19.074116264216194
244,19.351364387428095
245,19.067526757551043
246,19.07224592018029
247,19.29640340735963
248,19.371331740626417
249,19.034712691060314
250,19.08854647622525
251,19.134976980240648
252,19.235693242206956
253,19.008313387563597
254,19.05764462855199
255,19.129619741888284
256,19.092561298716095
257,19.018236418761255
258,19.028393563491157
259,18.92011957427846
260,19.00232998109515
261,18.99162548749657
262,19.0233614856962
263,18.952530417082425
264,19.02718378964682
265,19.0633352289089
266,18.987980023380263
267,18.99730124243073
268,18.96743197440636
269,18.95762482877814
270,18.894767133609648
271,18.973135124471117
272,18.93582097858117
273,19.107324066770897
274,19.062497352126982
275,18.96475941007644
276,18.87062630947808
277,18.84098513533537
278,19.024115486142982
279,18.94923903625362
280,18.966584237444636
281,18.78912707240821
282,19.003985958642982
283,18.96782471421958
284,18.844906956562433
285,18.898886001382277
286,18.961173607840784
287,18.9483481922356
288,18.925462116519025
289,18.94585530313427
290,18.93989082687327
291,18.97878654108396
292,19.09145232203736
293,18.77617090291439
294,18.970944907369393
295,19.013020813382763
296,19.03220183453809
297,18.98900457432225
298,18.889064943264593
299,19.067292647510797
300,19.191291858582865
301,18.943040682329098
302,19.148090206497027
303,19.066517925730142
304,19.10228387337775
305,19.037913319631294
306,19.110900511782148
307,19.257719059378857
308,19.21692267760119
309,19.326015188423888
310,19.299256772597786
311,19.25832558482897
312,19.38133661517488
313,19.296039401576955
314,19.346717941706267
315,19.27675838941461
316,19.32624400963328
317,19.28597816157049
318,19.44218979523256
319,19.29039246035718
320,19.46924401208407
321,19.413751169278473
322,19.54538037831967
323,19.53473923254967
324,19.643603539156906
325,19.57996991984896
326,19.419555394115932
327,19.564007905918633
328,19.499864027787215
329,19.57661732467891
330,19.763607296750074
331,19.718494567148028
332,19.636492945680708
333,19.636337176718666
334,19.745174847738635
335,19.670414465208115
336,19.73928300900254
337,19.843196520795715
338,19.935927428250345
339,19.91745384623229
340,19.71066260577501
341,19.943468981424523
342,19.94995598336279
343,20.00227679277286
344,20.123312201967657
345,19.853662927043818
346,19.995976277842868
347,20.114895120421775
348,19.965248351899014
349,20.23378032173518
350,20.168856880012065
351,20.230535036236493
352,20.140269681706425
353,20.27388124212741
354,20.316772552145302
355,20.272101443319723
356,20.294043738596557
357,20.318366515863644
358,20.248729037042953
359,20.32664594059112
360,20.346476242853573
361,20.409142371089192
362,20.477797929047004
363,20.332004395895993
364,20.425082441128847
365,20.57150308209235
366,20.41089825321396
367,20.421487400904525
368,20.519806253248085
369,20.58698868262381
370,20.535619958542945
371,20.655733434801242
372,20.632105013103505
373,20.644478374329832
374,20.634452601930196
375,20.788738857117977
376,20.597924104608712
377,20.46526779894855
378,20.76450031997328
379,20.609548716215457
380,20.664191316255714
381,20.769110593311176
382,20.544339558552856
383,20.57994987294299
384,20.55892844991504
385,20.629837426602748
386,20.734267157429873
387,20.746151792264044
388,20.730834989671806
389,20.599627678895082
390,20.531160748431216
391,20.723046859831594
392,20.683101526337882
393,20.75916171028929
394,20.779563997007536
395,20.734901603031823
396,20.784534023391235
397,20.741397332552808
398,20.76426871093621
399,20.66376960286886
400,20.703542680125803
401,20.730922009189264
402,20.77760332736584
403,20.676768870107544
404,20.74580840262289
405,20.678248830949382
406,20.68508237252238
407,20.755401343164014
408,20.523749187436792
409,20.57324689157634
410,20.551793768802032
411,20.476733732643705
412,20.601884441215034
413,20.708509084100516
414,20.617877046012445
415,20.648327773042745
416,20.711221257214778
417,20.721639938698992
418,20.601016787596983
419,20.70575899137458
420,20.59558824577524
421,20.511814321397452
422,20.52170485066869
423,20.441148007293926
424,20.478778467081142
425,20.511351238317694
426,20.594388956941305
427,20.657840595161286
428,20.39966972737255
429,20.531745190368362
430,20.407180820566445
431,20.518557088703407
432,20.46032398800558
433,20.314661533308186
434,20.52583506067966
435,20.393743358718545
436,20.3901587359321
437,20.338193336357453
438,20.362529059393154
439,20.440416298432268
440,20.382593462457674
441,20.41582767718674
442,20.410562765888677
443,20.47962733013035
444,20.33922608249204
445,20.241501848792044
446,20.43837400266172
447,20.320184005000403
448,20.429954841595656
449,20.365935488566084
450,20.319661130391136
451,20.35336489724162
452,20.47729281069369
453,20.483571373390134
454,20.31962998290877
455,20.324039443993673
456,20.394958365568954
457,20.2393429735728
458,20.332290802753604
459,20.302748300712395
460,20.329634551209374
461,20.238098271118805
462,20.17839780152933
463,20.1410770370841
464,20.21944142451964
465,20.274624643123023
466,20.290925349687182
467,20.47300138689959
468,20.41072877038198
469,20.250095860733158
470,20.360283636256653
471,20.305896252748962
472,20.32230173867023
473,20.367058313716207
474,20.409540006822557
475,20.34123115027293
476,20.462434994895872
477,20.295513727188215
478,20.397501295978966
479,20.615512799581065
480,20.436824502044285
481,20.54548342070278
482,20.450558640282292
483,20.50266559359724
484,20.465175112410147
485,20.470139064870523
486,20.43599748526192
487,20.547885366753256
488,20.460953856546034
489,20.59843859058297
490,20.64861738194811
491,20.608195021437574
492,20.573513260896018
493,20.650720160410753
494,20.608133898631447
495,20.72651683479891
496,20.524411275552463
497,20.663715612651863
498,20.55131329320562
499,20.611344438314454
500,20.860769268308125
501,20.844308501431886
502,20.736473203008416
503,20.69545545320216
504,20.600385030716698
505,20.81620776611955
506,21.075689771733696
507,20.93942590207889
508,20.882637443712646
509,20.98754698179815
510,20.84855007206017
511,20.972855241766904
512,21.027921051523716
513,21.036482938070026
514,21.13010890077369
515,21.11793351992233
516,21.16736825041439
517,21.082374082807423
518,21.23279084907103
519,21.314761001423427
520,21.1302518392723
521,21.160181927524242
522,21.361288903714257
523,21.262220887792058
524,21.412789043723222
525,21.287867232031203
526,21.46227165591088
527,21.378775496358326
528,21.41107402240439
529,21.53750272434531
530,21.40502398376627
531,21.380027560020643
532,21.4404761801629
533,21.53326556934669
534,21.392190845094667
535,21.588459167391136
536,21.513989360184546
537,21.66814816932323
538,21.403600273466868
539,21.550603433735304
540,21.496552799486818
541,21.582852224041165
542,21.68576830596335
543,21.668131378554243
544,21.67821026706103
545,21.701240187214573
546,21.745211731636513
547,21.662682940942943
548,21.813787298023517
549,21.823563993633737
550,21.8140932181112
551,21.839971261124266
552,21.830730899184886
553,21.980794890694092
554,21.821388674397532
555,21.813545972471427
556,21.786970424950972
557,21.773190258207215
558,21.76410659381376
559,21.799824557720115
560,21.87190611084448
561,21.910302532940253
562,21.89301358208323
563,21.832407076323303
564,21.969756946746916
565,21.96035303842251
566,21.891253261906865
567,21.853986633427077
568,21.951661827354737
569,21.923769924899783
570,21.793207709136755
571,21.903332082591227
572,21.928838810351913
573,21.834405408892728
574,21.919480587414522
575,21.785234682186125
576,22.00526681736463
577,21.994392970878486
578,21.86998439023601
579,21.914345503288352
580,21.68702479588804
581,21.781338215078463
582,21.843861929354034
583,21.774615805784578
584,21.910078179696068
585,22.004782379278
586,21.742488766124232
587,21.760802675948916
588,21.83739586541572
589,21.937804383156593
590,21.70109195296887
591,21.808400608044575
592,21.92342417975511
593,21.634486941599622
594,21.65273287567212
595,21.709622798994722
596,21.68987851363388
597,21.784288764388293
598,21.726129081457493
599,21.552095558035628
600,21.722422390960027
601,21.6219047483713
602,21.756823831950847
603,21.591283928358077
604,21.57706818511197
605,21.657699037245738
606,21.66177945630245
607,21.622877003911235
608,21.43843306185707
609,21.60256466057928
610,21.4630287521782
611,21.550878526977314
612,21.40449331889283
613,21.540507017648732
614,21.426776858364068
615,21.375312540935546
616,21.521782971236195
617,21.470918760302414
618,21.389554742625688
619,21.54204854051023
620,21.378198574686774
621,21.403750341067475
622,21.410679094699393
623,21.327848933000677
624,21.403659392608322
625,21.312146479870865
626,21.311071069348156
627,21.442535260702762
628,21.24015742989422
629,21.120637130809556
630,21.433180072671508
631,21.49930223821181
632,21.254405171587162
633,21.123784141494003
634,21.24624407230467
635,21.240996483504365
636,21.241984055848384
637,21.161874255571004
638,21.291572168208145
639,21.281934795664693
640,21.115703290988602
641,21.286996609769194
642,21.39161270926071
643,21.238031311937426
644,21.194711512451764
645,21.208312999462553
646,21.267427733750072
647,21.07885039876065
648,21.230119386827674
649,21.18596542623084
650,21.365835968620807
651,21.20545845639033
652,21.35478160232186
653,21.13558605445636
654,21.2739768051042
655,21.256233803926722
656,21.16541682869351
657,21.253961665372607
658,21.342168085525795
659,21.225223041386958
660,21.122287598021007
661,21.26331076541924
662,21.20013987779636
663,21.253104233411207
664,21.282654518845444
665,21.16194335505735
666,21.17887185008141
667,21.35692420753414
668,21.287270776980975
669,21.13512227259947
670,21.414775462312686
671,21.385924032450966
672,21.319618591951357
673,21.284410534517804
674,21.470070269536098
675,21.445008199857064
676,21.621913648862844
677,21.47954113605415
678,21.49192211126692
679,21.46287415341392
680,21.557218729289165
681,21.557840083211524
682,21.62421838484374
683,21.498893957855483
684,21.522540298853308
685,21.536052504868724
686,21.65486824634726
687,21.728893330833756
688,21.589911469205806
689,21.610388103633856
690,21.68738309646647
691,21.66059799614316
692,21.774519563301844
693,21.536382920727352
694,21.66861100155527
695,21.690407753975396
696,21.585636395748043
697,21.71242653127549
698,21.73452548769146
699,21.809816339321344
700,21.93303383130661
701,21.842387469024786
702,21.797405772912246
703,21.89305482217675
704,21.999126260357976
705,21.854516978342744
706,21.876948569466542
707,22.011458555957553
708,21.965790898392395
709,22.051790900158984
710,22.015098303757334
711,22.088221342815814
712,21.964861508203793
713,22.061943162150815
714,22.060941318427304
715,21.995038369586464
716,21.98135361421978
717,22.175006041204707
718,22.10535969305725
719,22.06450263448843
720,22.150983730495895
721,22.260841279113635
722,21.999576659282862
723,22.073240704866794
724,22.12956376789718
725,22.330185803298882
726,22.245256948154342
727,22.292843921253052
728,22.148493278941363
729,22.157819594230325
730,22.29030287302565
731,22.265644998375613
732,22.310789041328242
733,22.257177079093502
734,22.299130045937257
735,22.29359656509793
736,22.346612068573048
737,22.351765295696783
738,22.15979503991008
739,22.111146317238735
740,22.37197063213975
741,22.387110502023557
742,22.21006128280102
743,22.141899639497733
744,22.29694164834624
745,22.36117642197946
746,22.427567346178883
747,22.321476477701896
748,22.246213974423778
749,22.199649264858675
750,22.266538731172243
751,22.23558433749323
752,22.171609118577358
753,22.409397077312306
754,22.38039279309376
755,22.319954806851683
756,22.14631232073527
757,22.27871881028891
758,22.251262039465722
759,22.22471891321107
760,22.27797205021732
761,22.21698448679602
762,22.21299707596604
763,22.191888117645483
764,22.154851073332505
765,21.97107796902226
766,22.106177618468013
767,22.040271161514088
768,21.96723137835881
769,22.188606189117603
770,22.176429735595608
771,22.130521464131842
772,22.025516888570387
773,22.096126343366972
774,21.971696227546385
775,21.96930946811598
776,21.847679043058346
777,21.948724062497458
778,21.90336044203163
779,21.775659134137427
780,21.85691455029097
781,21.83558881106261
782,21.966567511010822
783,21.874954610439634
784,21.78486862272553
785,21.784293070786617
786,21.74828704793504
787,21.70882105669167
788,21.618729565044188
789,21.67349590776592
790,21.606156547405963
791,21.546112779619975
792,21.667379804680774
793,21.638198747663278
794,21.444468898286726
795,21.55821184028913
796,21.62843762392987
797,21.614428503606327
798,21.59284100630411
799,21.495164854784267
800,21.405939842923488
801,21.36857251273648
802,21.464814064334472
803,21.44983630947624
804,21.505017922003013
805,21.472874541965446
806,21.35746733107738
807,21.25202039611107
808,21.30989798834017
809,21.337049211093568
810,21.2881384534394
811,21.243113315132234
812,21.295035296014877
813,21.22038154852932
814,21.196794015227898
815,21.25875704394186
816,21.188955612781548
817,21.22840195104696
818,21.218983945568862
819,21.094733193779156
820,21.13666374991625
821,21.279985460783312
822,21.062330377550126
823,20.976838723498467
824,20.988645760417572
825,21.131898754008937
826,21.12457984614769
827,21.105798929743887
828,21.206013331111553
829,20.889294202856057
830,21.12961366591278
831,21.21824917864955
832,20.999085238653564
833,21.055475668656758
834,21.02275999841048
835,21.009152521516064
836,21.052884068282786
837,21.192042186010884
838,21.224262949534566
839,21.050391922915267
840,21.230228666571413
841,21.081783129019023
842,21.22089574363
843,21.075343519762498
844,21.096035000470955
845,21.11805913169745
846,21.346919250698015
847,21.165013046442883
848,21.045127566746576
849,21.184515551719013
850,21.0838131260646
851,21.079808669100014
852,21.198358027646556
853,21.135277028477873
854,21.162621722395304
855,21.14941076522022
856,21.183570816769834
857,21.199374152474064
858,21.019516811254036
859,21.23724543384394
860,21.11513483062489
861,21.0884032292534
862,21.209501334924187
863,21.231557979340227
864,21.180283980326703
865,21.313412875994622
866,21.150943890402807
867,21.237352242276714
868,21.2348901722134
869,21.28988800949609
870,21.32800132338003
871,21.23725980348974
872,21.38813416878487
873,21.347612546510124
874,21.203657047160153
875,21.210804406227563
876,21.379002652264244
877,21.374803647898382
878,21.39667546091014
879,21.41513254325827
880,21.44777088818362
881,21.51780483102049
882,21.36526201582096
883,21.372420096753988
884,21.390588415944986
885,21.51287260863811
886,21.600868010732814
887,21.47806575226429
888,21.323505323419166
889,21.398138229696787
890,21.478359516688162
891,21.510638191719963
892,21.5325298414268
893,21.577903706334588
894,21.559147495976678
895,21.67694029532199
896,21.547436254922836
897,21.540658390155855
898,21.65566527367834
899,21.501784502250718
900,21.66264558801115
901,21.64604766394721
902,21.631945501943385
903,21.77621092671281
904,21.604277303169916
905,21.82326719926743
906,21.644270524875306
907,21.56346614549989
908,21.67399327842917
909,21.58451192495246
910,21.612112882723597
911,21.70507887361151
912,21.718238431798834
913,21.62389933414571
914,21.751944409053564
915,21.76422406429785
916,21.784585779686548
917,21.70947492696511
918,21.773014382702975
919,21.509669186289443
920,21.630265717307978
921,21.581273407987393
922,21.654476832691333
923,21.592896793046535
924,21.6183635275365
925,21.774644195418876
926,21.60227920640037
927,21.64012194354783
928,21.578977346388502
929,21.593538972260532
930,21.577273784016317
931,21.601362002262725
932,21.646823671818293
933,21.672899929803293
934,21.552801389581685
935,21.561541311262577
936,21.40808563288036
937,21.478343063290847
938,21.54526632140925
939,21.523453190110597
940,21.45471123748733
941,21.491787229042576
942,21.442729666630783
943,21.481598269581657
944,21.390354789290456
945,21.319923908863185
946,21.355977338074023
947,21.074964930817394
948,21.319934095587012
949,20.976925890385925
950,21.110039517940717
951,21.262815255916255
952,21.243290721209608
953,21.09018442862412
954,21.103995369520817
955,21.248105104078356
956,21.0769705697108
957,21.272110300596324
958,21.069279280152248
959,21.078624666271534
960,21.151693783795867
961,21.00902186919015
962,20.894402691634706
963,20.94173815710097
964,20.923490392457442
965,20.792900799986633
966,20.85729373768399
967,20.794025759439574
968,20.902972613691386
969,20.807419244471564
970,20.75767774048261
971,20.747504076136643
972,20.749612991189373
973,20.756961477547804
974,20.60360200512912
975,20.576345009982052
976,20.72429047843165
977,20.579344881339185
978,20.47559198175455
979,20.601263719343958
980,20.579879207362257
981,20.39765432125149
982,20.51604210532565
983,20.534391111390736
984,20.48366353905259
985,20.482764565675676
986,20.29870079745041
987,20.416721825141856
988,20.345602028403885
989,20.311154326525415
990,20.399796581560985
991,20.429292566859957
992,20.435737247119565
993,20.379062006812337
994,20.24725464160602
995,20.26688623673535
996,20.28314133435948
997,20.21512002582978
998,20.200031757462877
999,20.240140754270918
1000,20.15470266946364
1001,20.08685118126823
1002,20.09833772809304
1003,20.169070240327173
1004,20.106026230657353
1005,20.121006859219126
1006,20.13597933392677
1007,20.04155323467679
1008,20.1217968442235
1009,20.08195324935706
1010,19.943804848392286
1011,20.149515593322715
1012,19.986211521699207
1013,19.8866025160168
1014,19.92874467269738
1015,19.924600657330274
1016,20.00499066179692
1017,19.974035319898523
1018,19.96471428233336
1019,20.037541538100974
1020,20.012042432714217
1021,20.00760043791383
1022,20.013138256583456
1023,20.02824257192453
1024,19.809472377860672
1025,19.948659352680675
1026,19.80364351029272
1027,19.98172169326746
1028,19.979763416102134
1029,20.065583608051668
1030,20.079257183074432
1031,20.003260274138
1032,19.950275053833636
1033,20.032843141986188
1034,19.95597004047847
1035,20.00269781283998
1036,20.086723633076968
1037,19.9686368893868
1038,20.083525263376107
1039,20.07944562340758
1040,19.95540607892114
1041,20.11657299799277
1042,20.10173729957044
1043,20.06149702061475
1044,20.00013004404778
1045,20.000415653355518
1046,20.034419488482545
1047,20.12934515598209
1048,20.018197753258924
1049,20.138544040943202
1050,20.013262871769847
1051,20.10548266441009
1052,20.13990883659146
1053,20.336179608486827
1054,20.039898597431364
1055,20.277421191944885
1056,20.181264092076802
1057,20.21180653831637
1058,20.19801500750567
1059,20.2337369010982
1060,20.19543163200547
1061,20.33355320466264
1062,20.19012835058645
1063,20.326534900420818
1064,20.193589363297363
1065,20.249353106704604
1066,20.17728229000042
1067,20.308118547454267
1068,20.39579542288405
1069,20.282237166182064
1070,20.280667289614907
1071,20.21497429705623
1072,20.293239950472987
1073,20.19129525370775
1074,20.252501602637015
1075,20.350147671521903
1076,20.443641386174196
1077,20.568598469676303
1078,20.302285379210574
1079,20.46898016096707
1080,20.37817824388189
1081,20.35066313677611
1082,20.401004017638126
1083,20.374518057091823
1084,20.381086158429163
1085,20.341786399129077
1086,20.26429952482672
1087,20.253838738530618
1088,20.430243160435083
1089,20.355966523445485
1090,20.32998896761039
1091,20.3773757750273
1092,20.438746632256834
1093,20.387467849192582
1094,20.31786414456751
1095,20.465178780313693
1096,20.489548574477677
1097,20.398323550036263
1098,20.431600307339195
1099,20.44741192339317
1100,20.432208152129064
1101,20.3840686455031
1102,20.375343376530754
1103,20.360977474135726
1104,20.222941203157234
1105,20.357505432886477
1106,20.18309954169393
1107,20.2175141775808
1108,20.374288624491637
1109,20.32555027373302
1110,20.365066594544512
1111,20.211501273319975
1112,20.127640538270573
1113,20.186602433618088
1114,20.199456330622485
1115,20.182517195490632
1116,20.251253740716873
1117,20.115485552449556
1118,20.155854911133886
1119,20.031395078087193
1120,20.128803535874873
1121,20.07483184176573
1122,19.99592809049795
1123,20.01791528528008
1124,20.002468579087544
1125,19.975578364697586
1126,20.11846848138814
1127,19.948053835512823
1128,19.915200241363003
1129,19.745328981450303
1130,19.819649402261927
1131,19.84786638219766
1132,19.791453586695408
1133,19.93396957227183
1134,19.787069439410097
1135,19.879910894058636
1136,19.75810140404314
1137,19.73225142012693
1138,19.698076091962093
1139,19.681208806798853
1140,19.79397315097543
1141,19.446324949114846
1142,19.447075065407773
1143,19.538951642300376
1144,19.558696924993647
1145,19.587816476833197
1146,19.545493890299095
1147,19.451932770354844
1148,19.5392296070602
1149,19.515184955247733
1150,19.422608083985388
1151,19.460082450924457
1152,19.380161361385362
1153,19.28882565389186
1154,19.365099885415848
1155,19.29381039045815
1156,19.260932586696583
1157,19.35472349208976
1158,19.01709725800338
1159,19.076270144751934
1160,19.07149485965023
1161,19.114452459719665
1162,19.10049379145901
1163,18.977940609074476
1164,18.997711713613246
1165,18.986006202036492
1166,19.230185720494564
1167,19.156835639552543
1168,18.959263756317412
1169,18.943043633818185
1170,18.860555456518014
1171,18.78065293076734
1172,18.905229328409522
1173,18.816506889422953
1174,18.871794801434298
1175,18.73331964511338
1176,18.78364928123394
1177,18.8402981544099
1178,18.8420462672044
1179,18.83104003011333
1180,18.677457033293692
1181,18.837495170360356
1182,18.69170631675604
1183,18.79354141847609
1184,18.72984493098868
1185,18.60896838120353
1186,18.68277273305728
1187,18.726897605535566
1188,18.736920732164997
1189,18.667438023823895
1190,18.792714263662536
1191,18.742851100165513
1192,18.63442089037225
1193,18.70829120486849
1194,18.796938259344984
1195,18.793651028936498
1196,18.53377224892451
1197,18.553709666997996
1198,18.74306285755621
1199,18.53665700415564
1200,18.513174831970932
1201,18.57834441235447
1202,18.649717056127862
1203,18.60735657956458
1204,18.56353560865292
1205,18.562250945047822
1206,18.560374278869524
1207,18.548730362597208
1208,18.80389811062344
1209,18.647980400076534
1210,18.698456555896254
1211,18.592238214484304
1212,18.620836099351486
1213,18.58346296928474
1214,18.433717929158217
1215,18.541379483743302
1216,18.512979815396548
1217,18.484483760162984
1218,18.575887081942287
1219,18.784957413736468
1220,18.683230225642898
1221,18.798216119725804
1222,18.736379587263883
1223,18.774961639447877
1224,18.64944866986676
1225,18.77288874898068
1226,18.79899167717502
1227,18.704534814928728
1228,18.805632372898526
1229,18.816577228769688
1230,18.73792138617792
1231,18.702837428077014
1232,18.70885127595822
1233,18.82155321605402
1234,18.85195250864619
1235,18.773635335524194
1236,18.850475588492422
1237,18.905347645451904
1238,18.92053928057146
1239,19.006616048093207
1240,18.99598687254872
1241,18.82504793864621
1242,19.051100079583016
1243,18.885115177497404
1244,19.022260652988425
1245,18.95506408470641
1246,18.927463885956012
1247,18.82646688462889
1248,18.967820372829376
1249,18.867054117022462
1250,19.07922481341285
1251,19.132978056347188
1252,18.95741434143644
1253,19.05457774752189
1254,18.981343776610956
1255,18.997735715951933
1256,19.11828050825081
1257,19.061194440087025
1258,19.211039589733925
1259,19.040497089405914
1260,19.165832745911935
1261,19.100076302143073
1262,19.16191565769912
1263,19.068009899675072
1264,19.104892484353602
1265,19.104224803165945
1266,19.050708367555014
1267,19.174196855488283
1268,19.17638592136885
1269,19.174474057626878
1270,19.25204902289568
1271,19.246610910850475
1272,19.10170051221364
1273,19.162026661728223
1274,19.08222755810067
1275,19.13335774830304
1276,19.08231818664807
1277,19.258142952801748
1278,19.155298712689174
1279,19.105849121313124
1280,19.215290031896835
1281,18.942079094412353
1282,18.94994550961405
1283,19.16950347223939
1284,19.104854196229613
1285,19.113651589524917
1286,18.980524073566457
1287,19.07722027696154
1288,19.231229633536262
1289,19.12818554200673
1290,19.066562388452937
1291,19.008038981136945
1292,19.001222281066156
1293,18.85153143498793
1294,19.03101965143924
1295,19.06605855432236
1296,18.859861203440197
1297,18.919977285615147
1298,18.866772740318822
1299,18.868131462094485
1300,18.93514972385741
1301,18.74916487890882
1302,18.949651598995516
1303,18.944971756235542
1304,18.848302992844516
1305,18.65325137173024
1306,18.754915494156585
1307,18.915801741952016
1308,18.577106408889108
1309,18.753372771629333
1310,18.668272630768296
1311,18.80822318425251
1312,18.67073800935545
1313,18.73767598512879
1314,18.730950654078587
1315,18.812726660267383
1316,18.629487948640683
1317,18.655501129532585
1318,18.486126887952146
1319,18.67951778913467
1320,18.50265739725828
1321,18.49773179407182
1322,18.519807725623973
1323,18.37547455818377
1324,18.497668064372643
1325,18.535589489668347
1326,18.460438438012204
1327,18.28871059212266
1328,18.384764769409347
1329,18.432928722756426
1330,18.202295295593284
1331,18.245613447596185
1332,18.380892074973158
1333,18.311684684300975
1334,18.30249879551151
1335,18.397941028048578
1336,18.266503015921103
1337,18.26170457784161
1338,18.406225505255087
1339,18.152811344305587
1340,18.086912113990934
1341,18.16609001323928
1342,18.148424726080666
1343,18.052941619497755
1344,17.99461308005858
1345,18.24448889658124
1346,18.068733344970052
1347,17.967292662470296
1348,18.082861265848802
1349,17.98500444714539
1350,17.958108280324502
1351,18.008392017293176
1352,17.845614254924143
1353,17.96322697071807
1354,18.0746159302836
1355,17.945960203049328
1356,17.866191459437566
1357,17.843890121620856
1358,17.84036019764819
1359,17.84216838207704
1360,17.822137783124216
1361,17.916132131596633
1362,17.69523181451648
1363,17.894514015961413
1364,17.787455731248297
1365,17.840880613288405
1366,17.714083000834204
1367,17.904677758222427
1368,17.892815468740686
1369,17.865344905532073
1370,17.663448562827224
1371,17.847650160734137
1372,17.811041878976226
1373,17.648206711610985
1374,17.77330123553281
1375,17.803665066156743
1376,17.818884525050596
1377,17.78911203432443
1378,17.79939546037601
1379,17.89578092332641
1380,17.8783943481068
1381,17.553986015144623
1382,17.761607135631557
1383,17.778088151356485
1384,17.65594904000851
1385,17.80909872566943
1386,17.90749342558827
1387,17.727268101467228
1388,17.84826811454289
1389,17.755803587930753
1390,17.783569351857903
1391,17.964293959496988
1392,17.81199258962362
1393,17.90217024957881
1394,17.725779251911085
1395,18.035218545512194
1396,17.94565980154105
1397,17.894504628932296
1398,17.967231913535713
1399,17.820896321980133
1400,18.04117120840937
1401,17.933912672462874
1402,17.95712665742061
1403,17.948080422532392
1404,17.955242758326683
1405,18.07185296978802
1406,18.051619548558374
1407,18.098418234371447
1408,18.060950086029244
1409,18.118308756150697
1410,18.059547518097165
1411,18.28741964460998
1412,17.99975469182745
1413,18.242353644824174
1414,18.26732132093058
1415,18.106225538614712
1416,18.369327942257627
1417,18.287270163757338
1418,18.302002783383124
1419,18.243248747376136
1420,18.240317554186007
1421,18.257603805964933
1422,18.322210916800234
1423,18.4196054211184
1424,18.33846692713621
1425,18.26738607012198
1426,18.422463450852334
1427,18.44625668492074
1428,18.44082022481022
1429,18.4637778460784
1430,18.39794219899365
1431,18.360544587131592
1432,18.380405305607034
1433,18.33375194732508
1434,18.49798603858802
1435,18.486490443368996
1436,18.47178113112389
1437,18.284005033168704
1438,18.43378756302813
1439,18.63598657853782
1440,18.50550796544471
1441,18.59948137414359
1442,18.470917929483576
1443,18.708376659381372
1444,18.59242076788142
1445,18.637351428192265
1446,18.80994600295933
1447,18.75445282305114
1448,18.61737392549975
1449,18.602700318995733
1450,18.631860577071585
1451,18.705920720433078
1452,18.66340567996258
1453,18.646361212761043
1454,18.800967773558884
1455,18.679518123304323
1456,18.877127223953874
1457,18.704363371883254
1458,18.843307869560135
1459,18.731877546490914
1460,18.782566933057296
1461,18.6492258711724
1462,18.63998407243325
1463,18.745576282719302
1464,18.787824298737107
1465,18.71132706643111
1466,18.603989637141733
1467,18.5963055575929
1468,18.58861425206698
1469,18.55847212670334
1470,18.705179955648642
1471,18.782411796947915
1472,18.686776240612026
1473,18.501918452105404
1474,18.661861375998324
1475,18.6579455547527
1476,18.831982226435546
1477,18.540559311694732
1478,18.618209552963922
1479,18.77778166510923
1480,18.668689185317593
1481,18.668673329721784
1482,18.623245024793373
1483,18.63050966625645
1484,18.655938662703033
1485,18.51818094443635
1486,18.642003681952836
1487,18.450362575926675
1488,18.574556730154832
1489,18.550328153370806
1490,18.474141035637622
1491,18.508736640251495
1492,18.447564369781823
1493,18.398174897084203
1494,18.441911080337512
1495,18.367935143806683
1496,18.467915935229176
1497,18.335726643661044
1498,18.470156224235772
1499,18.303987597959683
1500,18.33837375134917
1501,18.31876453773022
1502,18.459704724438197
1503,18.36500188857476
1504,18.306472178016712
1505,18.34810816549877
1506,18.12442362437483
1507,18.274346589406708
1508,18.422427753592707
1509,18.258095978440817
1510,18.237896438778094
1511,18.261363414389407
1512,18.274327020319568
1513,18.028183385110673
1514,18.038854221910576
1515,18.175901448393255
1516,18.087724515948533
1517,18.235932152058197
1518,18.092050739750633
1519,17.94905568445217
1520,17.98920892098423
1521,17.857805528033744
1522,18.046495747677586
1523,18.03793642167624
1524,18.007184880902134
1525,18.115958163642386
1526,18.114423965785925
1527,17.994211402212528
1528,17.82678914626246
1529,18.037107427484873
1530,18.02276761431061
1531,17.994172671377378
1532,18.039505418333153
1533,17.859863563589254
1534,18.10632346503429
1535,17.861965272116226
1536,17.99228920585459
1537,17.791542427498108
1538,17.84684587360353
1539,18.037881579834217
1540,17.891583020653474
1541,17.976118590364898
1542,17.92494614600691
1543,17.89526076537478
1544,18.011042831994587
1545,17.881895382792976
1546,17.757883713532706
1547,17.836224394541663
1548,17.945349996015285
1549,17.93429997666464
1550,17.77933529649788
1551,17.849431226085656
1552,17.864158657616585
1553,17.885415964531425
1554,17.80917665911756
1555,17.87421419600568
1556,17.87206524416204
1557,17.998580398635006
1558,18.008721214991144
1559,17.94008649211046
1560,17.928769212152616
1561,17.980323137087556
1562,17.913409475307972
1563,17.89719776375615
1564,17.924530395145602
1565,17.960353386345695
1566,17.930028460690494
1567,18.048606955196302
1568,18.107112836882255
1569,17.935407699898782
1570,18.078560821002238
1571,18.073653373438987
1572,18.1337765690946
1573,18.121124918955957
1574,18.022058747398017
1575,18.05401019927326
1576,18.17446279149005
1577,18.271956257400937
1578,18.030484897147772
1579,18.25364877014751
1580,18.33991878519396
1581,18.251635491419606
1582,18.327374568032248
1583,18.246927637529204
1584,18.31375399780052
1585,18.214056670553592
1586,18.176885740816985
1587,18.460815280588722
1588,18.32779267261984
1589,18.391565554398316
1590,18.338704775298186
1591,18.358611197735076
1592,18.479445825596606
1593,18.457065230341808
1594,18.567861062596
1595,18.596110655843315
1596,18.607930706159465
1597,18.623755577899693
1598,18.75332202619487
1599,18.564133042792637
1600,18.66757131649825
1601,18.784971156657083
1602,18.81785211648129
1603,18.6252027884559
1604,18.73611140044152
1605,18.891785656009667
1606,18.84567795401662
1607,18.842387399619707
1608,18.830905163758548
1609,18.838968325696392
1610,18.913861567042616
1611,18.89150553875235
1612,18.92892131609461
1613,18.95896962140867
1614,18.918493744518752
1615,19.03505321297391
1616,19.245033930031433
1617,18.888797899439055
1618,19.075574615576844
1619,19.007153308511466
1620,19.132078045515513
1621,19.107114999073854
1622,19.181415931580773
1623,19.231143708831528
1624,19.168677454562555
1625,19.259560527882467
1626,18.996684736812945
1627,19.326204879755906
1628,19.24321058787598
1629,19.313156325518985
1630,19.142538543544976
1631,19.186334112317038
1632,19.276596745346517
1633,19.27513572141605
1634,19.310165310913995
1635,19.384739722170305
1636,19.166651509571427
1637,19.395092271266638
1638,19.32658966454409
1639,19.317784184922736
1640,19.223973627575923
1641,19.388897314833308
1642,19.161928542718705
1643,19.412745068656314
1644,19.246734280275227
1645,19.375022338149336
1646,19.365270591232335
1647,19.471843392440725
1648,19.366885168088963
1649,19.327968616208313
1650,19.34472308947234
1651,19.488268341530823
1652,19.42996874316162
1653,19.3562894494188
1654,19.36775403712696
1655,19.260288659023995
1656,19.415205821430426
1657,19.241289149773696
1658,19.43965624092602
1659,19.386742742302484
1660,19.563863431965874
1661,19.280876522632504
1662,19.35619290969863
1663,19.503339045292506
1664,19.449422775462512
1665,19.29262997111191
1666,19.360054284665846
1667,19.33571680312713
1668,19.351159180013642
1669,19.265396384599544
1670,19.30649236826853
1671,19.17781732052263
1672,19.308188899138173
1673,19.324810259762334
1674,19.261775146882204
1675,19.141674024364566
1676,19.340638459588533
1677,19.28118356876612
1678,19.184213553931738
1679,19.209947419010096
1680,19.102290279693428
1681,19.130127476441686
1682,19.15884048600892
1683,19.28975354882989
1684,19.129864347194832
1685,19.221737656799263
1686,19.116923470227732
1687,19.16928612996208
1688,19.127614726915684
1689,19.19828254937376
1690,19.07522148571081
1691,18.981850276165215
1692,18.98684150814542
1693,19.04471175432244
1694,18.977342058573118
1695,19.100249697057716
1696,19.02051855957012
1697,19.23829742846178
1698,18.90008223304147
1699,19.046401893244845
1700,18.93114763873267
1701,18.973464379466673
1702,19.016101452393347
1703,18.810926884598008
1704,19.008406797186254
1705,19.134550560465247
1706,18.9392706132973
1707,18.989945358303242
1708,19.045173282050165
1709,18.944501797328673
1710,18.906014961210563
1711,18.765756671239515
1712,18.994883164005852
1713,18.930817129278136
1714,18.855614251817915
1715,18.944019422694133
1716,18.88497645770917
1717,18.887703962604803
1718,18.97732734238457
1719,18.821148505335945
1720,19.01195798805921
1721,18.816879058316673
1722,18.876774767449913
1723,19.085306782687763
1724,19.023929792246985
1725,18.944416305377914
1726,18.864833814252165
1727,18.901809063831106
1728,18.95469783655016
1729,18.957136223166717
1730,18.952779342759747
1731,18.964114938989027
1732,18.9565829554215
1733,18.866145279337694
1734,18.948572069157297
1735,19.072069743991914
1736,18.89905557155903
1737,19.00359329990481
1738,18.964022371561214
1739,19.049961043165517
1740,19.02201318696438
1741,19.183941087920363
1742,19.119510617736392
1743,18.987855690317797
1744,19.160888061973154
1745,19.06017305198664
1746,19.09149729586041
1747,19.178821013411508
1748,19.130970464663754
1749,19.25885872529693
1750,19.143103016558495
1751,19.173682926307286
1752,19.1893121815976
1753,19.21566884900949
1754,19.368414212006325
1755,19.35078776918621
1756,19.45771586068551
1757,19.523183603746453
1758,19.280565717910388
1759,19.39029028039255
1760,19.31255995935918
1761,19.36679477965902
1762,19.401274010021833
1763,19.390097323520102
1764,19.41380086471329
1765,19.50996519427624
1766,19.447981141097276
1767,19.636734316481494
1768,19.520204320201405
1769,19.84284522967592
1770,19.606598266010785
1771,19.673253273629573
1772,19.588780085209727
1773,19.853921906684107
1774,19.832112334772766
1775,19.791492546817487
1776,19.685230027291905
1777,19.835089113289587
1778,19.753787981680432
1779,19.985741349532198
1780,19.958701345011114
1781,19.92675476618112
1782,19.749283244444396
1783,19.890492291650315
1784,20.049036317963544
1785,20.11575268452604
1786,20.131998136777526
1787,19.940261574418983
1788,20.115900088400366
1789,20.196945615209525
1790,20.006721505749432
1791,20.16217595613916
1792,20.207852566492846
1793,20.184718980142367
1794,20.08312187923408
1795,20.227415352902845
1796,20.24910723276026
1797,20.284893264357272
1798,20.272718944188096
1799,20.30300726275103
1800,20.355501542862
1801,20.41386723033849
1802,20.373457848265648
1803,20.383915368184827
1804,20.442471486614764
1805,20.299313364208015
1806,20.508548121697086
1807,20.48722235451791
1808,20.506797240029393
1809,20.596296611992543
1810,20.378480631694234
1811,20.391509877977573
1812,20.58546580212406
1813,20.57656342056835
1814,20.60373743727962
1815,20.565556443076495
1816,20.66748533365719
1817,20.70016068975316
1818,20.67487855456803
1819,20.625298394019634
1820,20.486945729699116
1821,20.725885435165306
1822,20.770258615134974
1823,20.7316463230302
1824,20.616659290695146
1825,20.747271881298204
1826,20.76793860558543
1827,20.828922064662947
1828,20.638644261387288
1829,20.69453258284294
1830,20.7757507874533
1831,20.723291378715416
1832,20.63145740086485
1833,20.7555801513541
1834,20.76970063761505
1835,20.73087932017361
1836,20.741290170735567
1837,20.702363950488742
1838,20.840125849345377
1839,20.648088089201437
1840,20.670925932211215
1841,20.71605876253891
1842,20.782277371548517
1843,20.588478310277946
1844,20.59929128218309
1845,20.53649765368384
1846,20.697101363928894
1847,20.599575354425564
1848,20.65243000831969
1849,20.729874933013658
1850,20.61904518293483
1851,20.681925584051044
1852,20.63219856380731
1853,20.702323517330008
1854,20.67867801671089
1855,20.57714987079343
1856,20.610591717205878
1857,20.698924519935215
1858,20.638017971995406
1859,20.485715155588945
1860,20.640667557994224
1861,20.49203732950875
1862,20.682257924441473
1863,20.641518835486412
1864,20.573020013453306
1865,20.552571200838543
1866,20.513379574908825
1867,20.574460924780013
1868,20.48058199504575
1869,20.519164582558762
1870,20.560179085020604
1871,20.4356367981443
1872,20.421515500861346
1873,20.365584760918036
1874,20.36641348166409
1875,20.29587179082792
1876,20.491257058123228
1877,20.568486692627253
1878,20.52889803700578
1879,20.276098304086553
1880,20.455721383457085
1881,20.50330322499803
1882,20.345064219115276
1883,20.3820901921401
1884,20.206017530496815
1885,20.380989367577836
1886,20.26791143098119
1887,20.362673860201106
1888,20.215891212254355
1889,20.3786939774697
1890,20.412113146841538
1891,20.262808436780695
1892,20.230257999370753
1893,20.14493108766184
1894,20.29276640937213
1895,20.26469668178578
1896,20.184777599983796
1897,20.343237356699166
1898,20.26964754239497
1899,20.218758451857088
1900,20.260156101841535
1901,20.39047213870913
1902,20.353798156494467
1903,20.296513627043524
1904,20.358360555036
1905,20.21844570940723
1906,20.316970284677247
1907,20.329808680344147
1908,20.284662380109495
1909,20.361899816917084
1910,20.27003228368902
1911,20.37924816827908
1912,20.38919954743594
1913,20.11885947130721
1914,20.455230773745328
1915,20.124561223755432
1916,20.32804295023263
1917,20.468896628020225
1918,20.37161123296979
1919,20.290404022855835
1920,20.331479157696933
1921,20.512978719879936
1922,20.289516663584536
1923,20.546522714047814
1924,20.465309600038175
1925,20.388380044928265
1926,20.451706871215734
1927,20.432083310748517
1928,20.59837484774957
1929,20.603785996458917
1930,20.424261530882355
1931,20.546585139377047
1932,20.527358306592927
1933,20.717883711542807
1934,20.524819813625044
1935,20.7800113931365
1936,20.668260183128318
1937,20.597609449590944
1938,20.656396318094796
1939,20.666819797471152
1940,20.64969081776178
1941,20.780279851652576
1942,20.69579837761585
1943,20.641226432986368
1944,20.807173220076173
1945,20.715458911040734
1946,20.821883701308504
1947,20.831906929273526
1948,20.85770594083454
1949,21.110417613165335
1950,20.97793966567329
1951,21.016270791502336
1952,20.87785098997507
1953,20.991053939524754
1954,21.0840686214338
1955,21.0083995887904
1956,21.18654719644719
1957,21.041228138513794
1958,21.138056325528968
1959,21.137561914415464
1960,21.221009453594974
1961,21.179958374232967
1962,21.232754666642958
1963,21.258637999385417
1964,21.241732311766587
1965,21.362077598462335
1966,21.364939079796212
1967,21.361167515393632
1968,21.355979049861617
1969,21.47604880505331
1970,21.415098882456668
1971,21.43078154466856
1972,21.484736519196215
1973,21.632805787932906
1974,21.410223074227414
1975,21.59905004662347
1976,21.40563737269492
1977,21.59370500912283
1978,21.721147724067603
1979,21.652622177701012
1980,21.645120257868722
1981,21.604114623846034
1982,21.66843880991372
1983,21.662304483357953
1984,21.63560234394236
1985,21.690784927686988
1986,21.744811165237028
1987,21.681988458815937
1988,21.69273678109682
1989,21.66173124099553
1990,21.81454818518582
1991,21.83907444666153
1992,21.82555029465911
1993,21.895202665893898
1994,21.83538561904819
1995,21.869473504927456
1996,21.871559625430567
1997,21.848448070299984
1998,21.82119859057147
1999,22.04806055204194
2000,21.841404462988365
2001,21.8302887057708
2002,21.92364300327507
2003,21.91379825174128
2004,21.785358857816497
2005,21.991014285003534
2006,21.89648956047256
2007,21.817345437382997
2008,22.002890322836663
2009,21.95878608362859
2010,21.807894530534124
2011,22.0509451302906
2012,21.96057973485526
2013,21.905565302561744
2014,22.031510620437274
2015,21.914364303713125
2016,21.89612528335534
2017,21.841732962791973
2018,21.936733812124817
2019,21.923397393647146
2020,21.880992964343207
2021,21.810647119590282
2022,21.87775863129949
2023,21.854802544637757
2024,21.746248515586885
2025,21.727253668712233
2026,21.881830213983356
2027,21.619648683071603
2028,21.834992838107826
2029,21.770668446656323
2030,21.903541626522458
2031,21.749000261527712
2032,21.83047900883021
2033,21.73487456615494
2034,21.764318264498677
2035,21.8024582499852
2036,21.69452112935635
2037,21.799005052127875
2038,21.627300473703308
2039,21.71765995021167
2040,21.75500073655099
2041,21.720910858702986
2042,21.80818364473438
2043,21.58041578588818
2044,21.51766546765226
2045,21.534861699701768
2046,21.65358074303937
2047,21.626862889537893
2048,21.58146138001965
2049,21.469685341456447
2050,21.607122779778482
2051,21.434080055838212
2052,21.611108040314907
2053,21.733396319696478
2054,21.520620862434384
2055,21.524571963809013
2056,21.425248578805963
2057,21.306770132881333
2058,21.390455337694704
2059,21.338522613300647
2060,21.297690402299153
2061,21.53897052250946
2062,21.41099502032717
2063,21.407797214180093
2064,21.341246699920635
2065,21.34099298104857
2066,21.4211661897046
2067,21.330936880022882
2068,21.3658598291372
2069,21.297979213456323
2070,21.276932881811994
2071,21.182802868755108
2072,21.12860678783374
2073,21.257806232658304
2074,21.275602525759805
2075,21.161003916554915
2076,21.254419973927394
2077,21.255245503963994
2078,21.07272663632528
2079,21.166764232883448
2080,21.267836852072985
2081,21.26202556958526
2082,21.13510391739306
2083,21.23695032938244
2084,21.303490103446084
2085,21.281839093334426
2086,21.210584329431473
2087,21.179866022135283
2088,21.166620571842728
2089,21.254628124820638
2090,21.233618285435753
2091,21.2697445955829
2092,21.23190049848199
2093,21.289386426306717
2094,21.23456347439659
2095,21.293456880113958
2096,21.30460643015202
2097,21.175407845783667
2098,21.100515054829604
2099,21.374605806211047
2100,21.27817730841157
2101,21.127556919897746
2102,21.21522816560226
2103,21.342241451893905
2104,21.266807393929625
2105,21.25743061879306
2106,21.4201950660521
2107,21.234575888981386
2108,21.26523600405416
2109,21.35721273794898
2110,21.38322433394834
2111,21.40384189477628
2112,21.449627621439785
2113,21.40564324105698
2114,21.442356352946025
2115,21.396323409307023
2116,21.43632133050706
2117,21.454528782560445
2118,21.47811371083148
2119,21.538031572429222
2120,21.53628831446869
2121,21.51137062734368
2122,21.459350305363245
2123,21.546013491991484
2124,21.555131473897166
2125,21.58983528492674
2126,21.76812613322417
2127,21.56712155332671
2128,21.660401830187773
2129,21.72984696723685
2130,21.67009707168484
2131,21.86728652567796
2132,21.668112127712135
2133,21.742452241762475
2134,21.67084294571718
2135,21.72487908188085
2136,21.79117958957067
2137,21.85722193180961
2138,21.83326556368102
2139,21.926633899629625
2140,21.836399335126377
2141,21.835418838732913
2142,22.096189679116282
2143,21.929150197429195
2144,21.857633846964383
2145,21.877052582652087
2146,21.87438016701775
2147,22.04170018768415
2148,21.9543636042194
2149,22.010181122954744
2150,22.011109353145898
2151,22.09060764360392
2152,21.979928229896323
2153,21.97686415132243
2154,22.09574030415088
2155,22.14038638629078
2156,22.133034435097084
2157,22.05538982005495
2158,22.187634671001998
2159,22.086776182852564
2160,22.116954953866852
2161,22.09508348854793
2162,22.286128354804774
2163,22.243645523341247
2164,22.251794153303116
2165,22.313068407652654
2166,22.447661929379898
2167,22.09472045370334
2168,22.180636026001288
2169,22.198088457518004
2170,22.186412205897213
2171,22.17477639209248
2172,22.242917690694682
2173,22.174862461144624
2174,22.303681937223878
2175,22.28508290401981
2176,22.322872970627348
2177,22.327822909272285
2178,22.337625347735553
2179,22.261055086720095
2180,22.461522472538324
2181,22.31084698388117
2182,22.142712344152105
2183,22.210496412360087
2184,22.14977862354344
2185,22.288096134203524
2186,22.274015366459874
2187,22.242698616101823
2188,22.43682539914268
2189,22.315018344511618
2190,22.323710496754302
2191,22.185039634768682
2192,22.172882959729183
2193,22.248441065171
2194,22.251419892100166
2195,22.080565986798092
2196,22.205555790732042
2197,22.211443030975012
2198,22.182879993444203
2199,22.124244030287013
2200,22.134836014300127
2201,22.152006059881295
2202,22.1610599389505
2203,22.189318941579753
2204,22.214056257088412
2205,22.090219041517223
2206,22.062995436585943
2207,22.11977897210476
2208,22.118486248282874
2209,22.019324824912832
2210,22.101341586482043
2211,22.100150643400674
2212,22.108434732474613
2213,22.130342006228343
2214,21.90141868200548
2215,21.95419754271076
2216,21.936058968424796
2217,21.90911887265495
2218,21.846588534188868
2219,21.7610263432257
2220,21.86842467491862
2221,21.780498723407327
2222,21.829642096139057
2223,21.739894060822653
2224,21.695980319930666
2225,21.78313395483269
2226,21.75682377983123
2227,21.771396733180985
2228,21.88019284214866
2229,21.707763220471353
2230,21.704650949303293
2231,21.559933116424446
2232,21.523529464274063
2233,21.73352393061049
2234,21.513527116801516
2235,21.48451108557125
2236,21.545653599360552
2237,21.52247521142444
2238,21.438573538357833
2239,21.46765394073511
2240,21.57189352657303
2241,21.390788930218587
2242,21.32575187320515
2243,21.494901396399015
2244,21.44141518602966
2245,21.335234680286188
2246,21.241472262309724
2247,21.291986997904864
2248,21.331050161153108
2249,21.412924482699434
2250,21.22137855508098
2251,21.282583253257528
2252,21.32881608360888
2253,21.07019678063242
2254,21.32974219536104
2255,21.139244771421072
2256,21.24767465866844
2257,21.22860825189755
2258,21.283894535057797
2259,21.229961464337965
2260,20.984979800487082
2261,21.102180965817517
2262,21.166353148917132
2263,21.130572688526527
2264,21.175802231057517
2265,21.19271928273638
2266,21.17078260281945
2267,21.098065802773537
2268,20.961171183907634
2269,21.06668245759591
2270,21.13124840780943
2271,21.006098342301225
2272,21.13980967825463
2273,21.15853165338133
2274,21.09314070989243
2275,20.835597815897277
2276,20.976737959667684
2277,21.228738496000606
2278,21.033548992053294
2279,20.91853560306816
2280,21.17664364051108
2281,21.080005458183745
2282,21.168995700610527
2283,21.104964105752327
2284,21.122235105284236
2285,21.117861913703187
2286,21.14841002130229
2287,21.279104636339785
2288,21.179389236019425
2289,20.980568576669302
2290,21.14849265025366
2291,21.21030714518037
2292,21.221885983378076
2293,21.09866178281145
2294,21.23353120484941
2295,21.222511339435094
2296,21.362445561598978
2297,21.105376741779292
2298,21.133882119758432
2299,21.15943009647838
2300,21.154478612208216
2301,21.132585500117063
2302,20.99316019397898
2303,21.190063541177217
2304,21.265313118268473
2305,21.207472579740713
2306,21.41314839839481
2307,21.270977807195788
2308,21.384962427422774
2309,21.31452862414163
2310,21.371804765399713
2311,21.340230563774305
2312,21.439694325140657
2313,21.34704750505394
2314,21.394702404072213
2315,21.396798356151326
2316,21.356925359048404
2317,21.42487961883526
2318,21.58369996969192
2319,21.395739384413048
2320,21.463283292451067
2321,21.542615178302174
2322,21.545370670369902
2323,21.467115137603592
2324,21.287383228339383
2325,21.531095500756482
2326,21.323714279751254
2327,21.63016788579874
2328,21.5371992206474
2329,21.614431580295367
2330,21.472833563457353
2331,21.431055904855572
2332,21.58606128233847
2333,21.572128941299624
2334,21.5447639363499
2335,21.59976602893714
2336,21.822912510739926
2337,21.67640587070342
2338,21.701315119065764
2339,21.692150819169076
2340,21.749827223093718
2341,21.62263767541705
2342,21.479359996522813
2343,21.634061947500385
2344,21.718992755593217
2345,21.580859314016298
2346,21.648195764774407
2347,21.610285881657326
2348,21.788562052097035
2349,21.730568102210484
2350,21.724376600200195
2351,21.723044314659944
2352,21.670811924502654
2353,21.68947725276825
2354,21.57813723100727
2355,21.49670808535611
2356,21.681688129589087
2357,21.693041074896826
2358,21.760681251210148
2359,21.785839925813953
2360,21.781298119998176
2361,21.570791941029757
2362,21.61675756100516
2363,21.677039474252783
2364,21.834208529111855
2365,21.742478141299667
2366,21.70540856307387
2367,21.57599552172867
2368,21.52690292229003
2369,21.650594539894644
2370,21.488739548442684
2371,21.54642116890645
2372,21.544416833054374
2373,21.66854137712485
2374,21.499655998792182
2375,21.319237589293923
2376,21.540510365428208
2377,21.42945145443578
2378,21.47345364617359
2379,21.44723932296986
2380,21.41588613919831
2381,21.48410295881992
2382,21.28083913964306
2383,21.34421263092456
2384,21.421929089783283
2385,21.299252992081318
2386,21.20040550077778
2387,21.362896908346155
2388,21.379150807111532
2389,21.26519929979167
2390,21.091048942655597
2391,21.283151347576872
2392,21.072297343714684
2393,21.207882673183168
2394,21.089966426891756
2395,21.045674682127874
2396,21.080340178870237
2397,21.0780128710899
2398,21.01789620837543
2399,21.093078034378248
2400,20.986658281639265
2401,21.076954969628424
2402,20.99708406334145
2403,20.894711776708817
2404,20.857064060646056
2405,20.770280428238962
2406,20.901018957620597
2407,20.82503412317926
2408,20.639248350871313
2409,20.7617931047152
2410,20.708218678074022
2411,20.882052837960103
2412,20.59554094076541
2413,20.592308277593904
2414,20.772376554871126
2415,20.768213073188875
2416,20.576317506101397
2417,20.561764965290863
2418,20.638238180886567
2419,20.37959071883769
2420,20.393914128119196
2421,20.497652869763975
2422,20.621674813378895
2423,20.440686056943136
2424,20.46178756625491
2425,20.52290918877989
2426,20.579593103959922
2427,20.3440907348903
2428,20.368464671262846
2429,20.49554195693082
2430,20.20837619079209
2431,20.393157091650323
2432,20.21072240016263
2433,20.28207516646011
2434,20.236623852344415
2435,20.162027695637146
2436,20.14314735040408
2437,20.22753893902612
2438,20.269213768682977
2439,20.163861607465744
2440,20.16505433384437
2441,20.190888061481406
2442,20.05376607151887
2443,20.177532810781504
2444,20.171334215126137
2445,20.30208016496969
2446,20.05228465930583
2447,20.034894007575144
2448,20.12281426085902
2449,20.11717417459336
2450,19.99978292307507
2451,20.001878195873413
2452,20.069561568257207
2453,19.952803404212844
2454,19.979505450423083
2455,20.013451691574016
2456,20.080491891090094
2457,19.94757547104786
2458,19.84427008278215
2459,19.83463758346092
2460,19.884099358482313
2461,19.877263190806293
2462,19.967983119307565
2463,19.88384138619654
2464,19.92188824841717
2465,19.915887542063263
2466,19.942819686584038
2467,20.08463724564548
2468,20.033089861034522
2469,19.983231379290576
2470,19.947364329210274
2471,19.952379657747965
2472,20.016523657621544
2473,20.040763778850714
2474,19.925594050976365
2475,20.005727685404583
2476,19.84530316222706
2477,20.0301956997996
2478,20.0800429115934
2479,20.002848023761725
2480,20.177111583982814
2481,19.968162391940485
2482,20.063247225164986
2483,20.050476969891662
2484,20.05309210729452
2485,20.060006361401186
2486,20.086000897035543
2487,20.153774298395824
2488,20.204866665553013
2489,20.103363041493285
2490,20.17782859985385
2491,20.065666795463855
2492,20.19241345244363
2493,20.07960987497595
2494,20.237336644760045
2495,20.336511296817132
2496,20.15950998792011
2497,20.003509305610496
2498,20.14470133977503
2499,20.296708766385724
2500,20.25197258331645
2501,20.23714227804004
2502,20.30733951060081
2503,20.27471240978635
2504,20.3425567479105
2505,20.327727148548465
2506,20.384775330402594
2507,20.300420336538963
2508,20.352606098449442
2509,20.263855494720868
2510,20.248301280586503
2511,20.440685065335185
2512,20.328879736862987
2513,20.383109239754464
2514,20.335431042727436
2515,20.28508353575957
2516,20.338998961761472
2517,20.45874112219936
2518,20.393631391958603
2519,20.217238295656998
2520,20.341458488923667
2521,20.505346451932198
2522,20.349292712552035
2523,20.22552644305869
2524,20.523698411213992
2525,20.429044452940236
2526,20.370547268905604
2527,20.347615335845823
2528,20.46457172415592
2529,20.334743858634248
2530,20.469536593544163
2531,20.420070947747387
2532,20.39472660606257
2533,20.384679918177316
2534,20.356351096561646
2535,20.450726553478518
2536,20.293986307671
2537,20.229005007464018
2538,20.402862436263064
2539,20.39855418989344
2540,20.380219499017645
2541,20.36755898090353
2542,20.30183238249776
2543,20.38240324461885
2544,20.30708356698064
2545,20.262478495472497
2546,20.26661335440362
2547,20.44273330989287
2548,20.13120533250336
2549,20.298315709061146
2550,20.11174589715975
2551,20.224576556949124
2552,20.185130246760384
2553,20.039035145649326
2554,20.22241683407794
2555,20.145795053208055
2556,19.992622795011442
2557,20.21155263371177
2558,20.242492647628776
2559,20.229695197425688
2560,20.121494668883493
2561,20.078267808837047
2562,20.16216568723238
2563,20.171372321081275
2564,20.10788813503882
2565,19.921867766866175
2566,19.992868770263915
2567,19.99109080724076
2568,19.78994257266381
2569,19.95067391082878
2570,20.073025336498635
2571,19.920107149418236
2572,19.96419484730488
2573,19.838066143211897
2574,19.794406995523083
2575,19.807337065319654
2576,19.687898901480352
2577,19.652171178234454
2578,19.80648417235264
2579,19.79069249409846
2580,19.57718104548445
2581,19.70933371161925
2582,19.600241926914382
2583,19.6095899947441
2584,19.594352185593447
2585,19.61215616030203
2586,19.514264370605954
2587,19.59548540300944
2588,19.482459138781653
2589,19.482704064793083
2590,19.341222450160682
2591,19.5557625659819
2592,19.39593573416719
2593,19.39078409006211
2594,19.180619673398933
2595,19.21914517880553
2596,19.35985609398972
2597,19.25983849577801
2598,19.060064649500273
2599,19.27274807268341
2600,19.122957869411966
2601,19.256418670395306
2602,19.113835590751993
2603,19.114903195777966
2604,19.17084072248544
2605,18.98307409865001
2606,18.95416404850178
2607,18.99697641010093
2608,19.05837753370189
2609,18.865660116833652
2610,18.81904900830195
2611,18.99920103798886
2612,18.866341478316844
2613,18.86495696704885
2614,18.73003801181205
2615,18.8070177678887
2616,18.844001854168273
2617,18.9028382153955
2618,18.751051086082914
2619,18.930232363032562
2620,18.72833167009187
2621,18.714472967822697
2622,18.878711856636016
2623,18.759829597496612
2624,18.68653404679721
2625,18.706668730635315
2626,18.816314435627138
2627,18.81496473174052
2628,18.62254004738541
2629,18.67532235081312
2630,18.67738449862786
2631,18.58335102964526
2632,18.65049841547223
2633,18.64870728873367
2634,18.73345153884487
2635,18.733406263138754
2636,18.60567548752159
2637,18.610716064381705
2638,18.677412738781953
2639,18.57450441230849
2640,18.66606933477326
2641,18.610207423820857
2642,18.538547033150806
2643,18.539001379063098
2644,18.731345393967857
2645,18.603674223654316
2646,18.748589571534403
2647,18.57800023203273
2648,18.644663896531878
2649,18.81559365222315
2650,18.542924891970813
2651,18.479539251941834
2652,18.73863984402935
2653,18.57440255936292
2654,18.644198086823252
2655,18.604746769055005
2656,18.679282332271402
2657,18.58842356582425
2658,18.657120592855474
2659,18.71494618551046
2660,18.606120408157306
2661,18.63896429636844
2662,18.67571035442393
2663,18.598051698652565
2664,18.68771555086722
2665,18.7404763958375
2666,18.708730623121998
2667,18.728956478872885
2668,18.759277009576703
2669,18.71882273108912
2670,18.83717060113768
2671,18.907537152642835
2672,18.766431111134445
2673,18.853448631218523
2674,18.806622346708277
2675,18.866276389563907
2676,18.9736111236826
2677,18.90039744600227
2678,18.729210860293463
2679,18.918785288999164
2680,18.992457505437596
2681,18.887423559666885
2682,18.9960639673094
2683,18.8723840545697
2684,18.819827695230288
2685,18.960918676128934
2686,18.819917698572862
2687,18.951900952379393
2688,19.084492914658323
2689,18.839023743387205
2690,18.899481130872314
2691,18.92907206416312
2692,19.016101631803295
2693,19.00116274526865
2694,19.151306008907284
2695,19.124362360690206
2696,19.095942767627065
2697,19.075927926182008
2698,19.103326128538228
2699,19.01011709927708
2700,19.1544626675985
2701,19.003319688757717
2702,19.16508357643176
2703,19.198673912430973
2704,19.125726359524776
2705,19.0993676687929
2706,19.149617729407453
2707,18.89230886311369
2708,19.148546658401415
2709,19.117921362207245
2710,19.125041521537707
2711,19.187185927783393
2712,19.125714573676394
2713,19.040965927721395
2714,19.12080339957529
2715,19.13689376174034
2716,19.13949285550406
2717,19.141490877453666
2718,19.20935238425522
2719,19.036408687318747
2720,19.133856582641513
2721,19.218922703085443
2722,18.97230479744829
2723,19.120208114284214
2724,19.053186440222387
2725,19.06395905474621
2726,19.01425116157479
2727,19.065514916573534
2728,19.21824932985831
2729,18.961095143528883
2730,18.959417064643205
2731,18.93900852833226
2732,19.17098157214596
2733,18.98488008968223
2734,19.008357292937735
2735,18.966197270355316
2736,18.910356919341602
2737,18.954078585270533
2738,19.156029399356427
2739,19.056725231357127
2740,18.862636168288283
2741,18.96772297955284
2742,18.83398814211364
2743,18.742553939533153
2744,18.949952073300643
2745,18.944515480260485
2746,18.918313164320605
2747,18.779580367286236
2748,18.786003892627235
2749,18.841155888897468
2750,18.79399237603353
2751,18.712366562421956
2752,18.595221379917476
2753,18.7144696790013
2754,18.772034591683948
2755,18.570021529966255
2756,18.69682405466879
2757,18.651940915573466
2758,18.66494318734092
2759,18.654042744048695
2760,18.507940885749957
2761,18.41323537518565
2762,18.478905987157283
2763,18.57163549121313
2764,18.436006149776244
2765,18.402668721925743
2766,18.291295704778445
2767,18.55603420162103
2768,18.460726604269748
2769,18.435158089020057
2770,18.429952427812918
2771,18.377731397625077
2772,18.29122227823227
2773,18.27697592123542
2774,18.235335919774005
2775,18.459960703791914
2776,18.273491756144562
2777,18.17196950169885
2778,18.226605605010924
2779,18.08904619552432
2780,18.27110327256755
2781,18.078980773714946
2782,18.153392278339354
2783,18.180357061232904
2784,18.10798632515937
2785,18.067258942159608
2786,18.043450034127485
2787,18.021360205231495
2788,17.963450962552233
2789,17.957777384888725
2790,18.096706025922003
2791,17.954727256925203
2792,17.886101134832053
2793,17.893712986655768
2794,18.009609200120835
2795,17.962714520726703
2796,17.941114761998822
2797,17.86385684814233
2798,17.91905639312964
2799,17.811000506324813
2800,17.831593183237214
2801,17.920411575302005
2802,17.903830757086723
2803,17.747001224252376
2804,17.749388537027023
2805,17.819420962657848
2806,17.942332623623834
2807,17.64514205971695
2808,17.815431307092574
2809,17.678494196946215
2810,17.733882465408662
2811,17.752166201603714
2812,17.74501280449042
2813,17.733924736208856
2814,17.775821591064584
2815,17.73168186170364
2816,17.65740191235641
2817,17.837320693970344
2818,17.83632672040013
2819,17.84534595674797
2820,17.657052875612816
2821,17.807263863653972
2822,17.841080528483122
2823,17.708764068084836
2824,17.79685078568124
2825,17.792262749386015
2826,17.95496485648089
2827,17.968153213195485
2828,17.688207527981284
2829,18.028583626572708
2830,17.76410425606001
2831,17.924556332309574
2832,17.93303705370167
2833,17.785538032310615
2834,17.91493812470309
2835,17.877630441059317
2836,17.94179400620712
2837,17.92755840053476
2838,18.016895351565342
2839,17.939713839747643
2840,17.93313882351505
2841,18.047516593147158
2842,18.01988389581318
2843,18.0459579432753
2844,17.948527936765643
2845,17.932658298345867
2846,17.98572922908982
2847,17.99661267220475
2848,18.124549602680318
2849,18.15533149528805
2850,18.080644994448576
2851,18.223514618803165
2852,18.2346666766431
2853,18.160950572251178
2854,18.09213738314946
2855,18.300428375046806
2856,18.186104665330884
2857,18.217724156836187
2858,18.197143260788767
2859,18.169823746310286
2860,18.140204492418277
2861,18.324985978012677
2862,18.22829638478294
2863,18.55227301743543
2864,18.2370759030983
2865,18.239710961974453
2866,18.39732038311061
2867,18.494909703526535
2868,18.39361463508985
2869,18.449917327171384
2870,18.27213265600958
2871,18.380662796846696
2872,18.363971521727294
2873,18.312985339205877
2874,18.488388568386256
2875,18.313740136298282
2876,18.401204470199268
2877,18.477479035595234
2878,18.46707009372758
2879,18.578032006602132
2880,18.583124460801958
2881,18.642137939605878
2882,18.64236346249861
2883,18.684545243941542
2884,18.603789508685068
2885,18.63842554853892
2886,18.664804715762333
2887,18.644470150795264
2888,18.610123630409344
2889,18.623562531038182
2890,18.59249950612675
2891,18.69885820694774
2892,18.664302396775838
2893,18.62492684431038
2894,18.6306136879562
2895,18.591823016423923
2896,18.77146740380986
2897,18.70339338034562
2898,18.631458396456296
2899,18.767975812642224
2900,18.660694182413792
2901,18.594674705132842
2902,18.789982593377776
2903,18.665832047152815
2904,18.67602811212318
2905,18.711400947899005
2906,18.798308241771636
2907,18.70672921016535
2908,18.606855794150263
2909,18.743392056067464
2910,18.657621948951938
2911,18.84344220093363
2912,18.687759925806176
2913,18.50394879286054
2914,18.705711410597537
2915,18.82653729786413
2916,18.79037594950114
2917,18.80360668782882
2918,18.56788294634134
2919,18.714285642343814
2920,18.574931354830934
2921,18.641551435793826
2922,18.51224207553228
2923,18.55255772197326
2924,18.53963016449166
2925,18.654824272359182
2926,18.635816525373755
2927,18.582348395623978
2928,18.44025357888388
2929,18.51109772159192
2930,18.463755164057574
2931,18.580125522813105
2932,18.591622370220453
2933,18.568421850115612
2934,18.40978270611324
2935,18.237091584853253
2936,18.30073518625132
2937,18.541463641439808
2938,18.381097667250902
2939,18.33844795393278
2940,18.515090168070554
2941,18.469945606026503
2942,18.355648883881788
2943,18.315106445640307
2944,18.312842785195222
2945,18.326383634084195
2946,18.42100279466678
2947,18.31159467051696
2948,18.32070894201146
2949,18.34104986665422
2950,18.138889305162593
2951,18.277902095415946
2952,18.179113100481498
2953,17.986693104880043
2954,18.003186777094996
2955,18.077628736184867
2956,18.187412499187747
2957,18.140074096307828
2958,18.132014027515506
2959,18.259893621924153
2960,17.989122865142967
2961,18.075584941269486
2962,18.08958063248532
2963,17.994105302534315
2964,18.04340803729133
2965,17.901651893793257
2966,18.13133487624659
2967,17.95331331187858
2968,18.160076652842893
2969,17.985126955132092
2970,18.060583081261857
2971,17.96515711624553
2972,17.958527531807658
2973,17.90632746464838
2974,17.955152948488777
2975,17.9641593879207
2976,17.869610690965306
2977,17.916526689782383
2978,17.872459139300567
2979,18.100545213665377
2980,17.905276544900612
2981,18.03254335409
2982,17.890339928444757
2983,17.924400429177584
2984,17.796225680268353
2985,17.8650622814157
2986,17.91718553580092
2987,18.02736390837459
2988,17.919013279933253
2989,18.013356877051084
2990,17.95595828533295
2991,18.037570734795487
2992,17.90597298816836
2993,18.105871348912704
2994,17.88041804997256
2995,17.863166937919424
2996,17.83354985500768
2997,18.123339711578698
2998,18.009547315921356
2999,17.92502167008714
